,ch,x,y
6,56,243.21722744637538,-253.08176783307522
7,58,283.6438150352408,-255.9086702209197
15,57,286.9352885274933,-215.2215887054092
16,41,-5.646187532141624,-173.06403250033986
17,43,36.58520050729953,-170.48105015525584
25,42,34.4103859739369,-127.17562576355317
24,40,-8.765187373017,-129.8163569559522
34,33,76.39717552547728,-81.90492345765347
35,35,120.59766494985635,-81.1334010448918
42,32,75.13440276961057,-37.39283178620917
52,1,166.17977615087563,8.72320735654921
53,3,212.3359420022195,7.514565617631888
