,ch,x,y
1,102,397.99725104331844,-628.9717299149995
