,ch,x,y
51,12,349.1594351287865,-527.6780937954461
52,1,387.96045618330163,-527.8473962625087
53,3,426.7485503316784,-528.8630982536961
54,5,465.50525654185844,-530.7247163498714
55,7,504.212128720743,-533.431364521646
63,6,507.3628961560632,-494.48360092001485
62,4,467.8056331945287,-491.7174876319036
61,2,428.197441347,-489.8149697476367
60,0,388.55717196762293,-488.7769527626872
59,11,348.90369167771223,-488.60393071692033
58,9,309.25587338626144,-489.2959859594598
