,ch,x,y
29,51,422.586905210639,-641.020915345892
28,49,386.2465113066976,-640.0693086413303
36,29,386.8055076287726,-603.4685771170573
37,31,423.9442092571098,-604.4410882450784
